div_epoch,div_step,epoch,mean_l1_norm_epoch,mean_l1_norm_step,step,train_acc_epoch,train_acc_step,train_actual_label_0,train_actual_label_1,train_actual_label_2,train_actual_label_3,train_actual_label_4,train_loss_epoch,train_loss_step_epoch,train_loss_step_step,train_pred_label_0,train_pred_label_1,train_pred_label_2,train_pred_label_3,train_pred_label_4,training_loss_epoch,training_loss_step,val_acc,val_actual_label_0,val_actual_label_1,val_actual_label_2,val_actual_label_3,val_loss,val_pred_label_0,val_pred_label_1,val_pred_label_2,val_pred_label_3
,-2.556708574295044,0,,75.0,0,,0.8461538553237915,0.0,0.0,1.0,0.0,0.0,,,8.004772186279297,0.0,0.0,1.0,1.0,0.0,,8.054204940795898,,,,,,,,,,
-2.556708812713623,,0,75.0,,0,0.8461538553237915,,,,,,,8.054204940795898,8.004772186279297,,,,,,,8.054204940795898,,,,,,,,,,,
,-2.5556657314300537,1,,75.91999816894531,1,,0.692307710647583,0.0,1.0,0.0,0.0,0.0,,,7.966175556182861,0.0,0.0,1.0,0.0,0.0,,8.016538619995117,,,,,,,,,,
-2.5556657314300537,,1,75.91999816894531,,1,0.692307710647583,,,,,,,8.016538619995117,7.966175556182861,,,,,,,8.016538619995117,,,,,,,,,,,
,-2.5552492141723633,2,,75.54386138916016,2,,0.8461538553237915,1.0,1.0,1.0,1.0,0.0,,,7.74278450012207,1.0,1.0,0.0,1.0,0.0,,7.792776107788086,,,,,,,,,,
-2.5552492141723633,,2,75.54386138916016,,2,0.8461538553237915,,,,,,,7.792776107788086,7.74278450012207,,,,,,,7.792776107788086,,,,,,,,,,,
,-2.554928779602051,3,,75.9884033203125,3,,0.8461538553237915,0.0,1.0,1.0,1.0,0.0,,,9.065876960754395,0.0,1.0,1.0,1.0,0.0,,9.116316795349121,,,,,,,,,,
-2.554928779602051,,3,75.9884033203125,,3,0.8461538553237915,,,,,,,9.116316795349121,9.065876960754395,,,,,,,9.116316795349121,,,,,,,,,,,
,-2.5548434257507324,4,,75.7871322631836,4,,0.7692307829856873,1.0,0.0,1.0,1.0,1.0,,,7.909583568572998,0.0,1.0,1.0,1.0,0.0,,7.959822177886963,,,,,,,,,,
,,4,,,4,,,,,,,,,,,,,,,,,,0.75,0.0,0.0,1.0,1.0,25.1724853515625,0.0,0.0,1.0,0.0
-2.5548434257507324,,4,75.7871322631836,,4,0.7692307829856873,,,,,,,7.959822177886963,7.909583568572998,,,,,,,7.959822654724121,,,,,,,,,,,
,-2.554859161376953,5,,75.55577087402344,5,,0.8461538553237915,0.0,1.0,0.0,0.0,0.0,,,7.517241954803467,0.0,1.0,0.0,0.0,1.0,,7.567249298095703,,,,,,,,,,
-2.554859161376953,,5,75.55577087402344,,5,0.8461538553237915,,,,,,,7.567249298095703,7.517241954803467,,,,,,,7.567248821258545,,,,,,,,,,,
,-2.554894208908081,6,,75.8826904296875,6,,0.7692307829856873,0.0,1.0,0.0,1.0,1.0,,,7.410964488983154,0.0,1.0,1.0,1.0,1.0,,7.46129846572876,,,,,,,,,,
-2.554893970489502,,6,75.8826904296875,,6,0.7692307829856873,,,,,,,7.46129846572876,7.410964488983154,,,,,,,7.46129846572876,,,,,,,,,,,
,-2.554868221282959,7,,76.25599670410156,7,,0.692307710647583,0.0,0.0,1.0,1.0,1.0,,,8.240395545959473,0.0,1.0,0.0,1.0,1.0,,8.291102409362793,,,,,,,,,,
-2.554868221282959,,7,76.25599670410156,,7,0.692307710647583,,,,,,,8.291102409362793,8.240395545959473,,,,,,,8.291102409362793,,,,,,,,,,,
,-2.554682731628418,8,,76.20295715332031,8,,0.692307710647583,0.0,1.0,0.0,1.0,0.0,,,7.921350955963135,0.0,0.0,1.0,1.0,0.0,,7.972006797790527,,,,,,,,,,
-2.554682731628418,,8,76.20295715332031,,8,0.692307710647583,,,,,,,7.972006797790527,7.921350955963135,,,,,,,7.972006797790527,,,,,,,,,,,
,-2.5543994903564453,9,,75.86625671386719,9,,0.8461538553237915,1.0,1.0,1.0,1.0,0.0,,,7.210250377655029,1.0,0.0,1.0,1.0,0.0,,7.26057243347168,,,,,,,,,,
,,9,,,9,,,,,,,,,,,,,,,,,,0.75,0.0,0.0,1.0,1.0,24.158935546875,0.0,0.0,1.0,0.0
-2.554399251937866,,9,75.86625671386719,,9,0.8461538553237915,,,,,,,7.26057243347168,7.210250377655029,,,,,,,7.26057243347168,,,,,,,,,,,
,-2.5541305541992188,10,,75.731201171875,10,,0.8461538553237915,0.0,1.0,1.0,1.0,1.0,,,7.216440677642822,0.0,1.0,1.0,1.0,0.0,,7.26663064956665,,,,,,,,,,
-2.5541305541992188,,10,75.731201171875,,10,0.8461538553237915,,,,,,,7.26663064956665,7.216440677642822,,,,,,,7.266631126403809,,,,,,,,,,,
,-2.553877830505371,11,,75.92430877685547,11,,0.8461538553237915,0.0,0.0,1.0,0.0,0.0,,,7.217613697052002,0.0,0.0,1.0,0.0,0.0,,7.267999172210693,,,,,,,,,,
-2.553877830505371,,11,75.92430877685547,,11,0.8461538553237915,,,,,,,7.267999172210693,7.217613697052002,,,,,,,7.267998695373535,,,,,,,,,,,
,-2.5536372661590576,12,,76.11619567871094,12,,0.8461538553237915,1.0,0.0,0.0,1.0,0.0,,,7.208839416503906,1.0,0.0,0.0,0.0,0.0,,7.259418964385986,,,,,,,,,,
-2.5536372661590576,,12,76.11619567871094,,12,0.8461538553237915,,,,,,,7.259418964385986,7.208839416503906,,,,,,,7.259418964385986,,,,,,,,,,,
,-2.5534114837646484,13,,76.29056549072266,13,,0.7692307829856873,0.0,0.0,1.0,1.0,0.0,,,7.311060905456543,0.0,0.0,1.0,1.0,0.0,,7.361817359924316,,,,,,,,,,
-2.5534117221832275,,13,76.29056549072266,,13,0.7692307829856873,,,,,,,7.361817359924316,7.311060905456543,,,,,,,7.361817359924316,,,,,,,,,,,
,-2.5532445907592773,14,,76.32005310058594,14,,0.8461538553237915,0.0,0.0,1.0,1.0,0.0,,,7.155468940734863,0.0,0.0,1.0,1.0,0.0,,7.206256866455078,,,,,,,,,,
,,14,,,14,,,,,,,,,,,,,,,,,,0.75,0.0,0.0,1.0,1.0,26.81427001953125,0.0,0.0,1.0,0.0
-2.5532445907592773,,14,76.32005310058594,,14,0.8461538553237915,,,,,,,7.206256866455078,7.155468940734863,,,,,,,7.20625638961792,,,,,,,,,,,
,-2.553117275238037,15,,76.2782974243164,15,,0.8461538553237915,0.0,1.0,0.0,1.0,1.0,,,6.997096061706543,0.0,1.0,0.0,1.0,1.0,,7.047842979431152,,,,,,,,,,
-2.553117275238037,,15,76.2782974243164,,15,0.8461538553237915,,,,,,,7.047842979431152,6.997096061706543,,,,,,,7.047842979431152,,,,,,,,,,,
,-2.552989959716797,16,,76.23749542236328,16,,0.8461538553237915,0.0,0.0,0.0,1.0,0.0,,,6.88857364654541,0.0,0.0,0.0,1.0,0.0,,6.939281463623047,,,,,,,,,,
-2.552989959716797,,16,76.23749542236328,,16,0.8461538553237915,,,,,,,6.939281463623047,6.88857364654541,,,,,,,6.939281940460205,,,,,,,,,,,
,-2.5528688430786133,17,,76.1962890625,17,,0.8461538553237915,1.0,0.0,0.0,1.0,0.0,,,6.778425216674805,1.0,0.0,0.0,1.0,0.0,,6.829092502593994,,,,,,,,,,
-2.5528688430786133,,17,76.1962890625,,17,0.8461538553237915,,,,,,,6.829092502593994,6.778425216674805,,,,,,,6.829092979431152,,,,,,,,,,,
,-2.5527467727661133,18,,76.15689086914062,18,,0.8461538553237915,0.0,0.0,1.0,0.0,1.0,,,6.665221214294434,0.0,0.0,1.0,0.0,1.0,,6.715850830078125,,,,,,,,,,
-2.5527467727661133,,18,76.15689086914062,,18,0.8461538553237915,,,,,,,6.715850830078125,6.665221214294434,,,,,,,6.715850830078125,,,,,,,,,,,
,-2.5526328086853027,19,,76.21891784667969,19,,0.8461538553237915,0.0,1.0,1.0,0.0,0.0,,,6.5525922775268555,0.0,1.0,1.0,0.0,0.0,,6.60328483581543,,,,,,,,,,
,,19,,,19,,,,,,,,,,,,,,,,,,0.75,0.0,0.0,1.0,1.0,20.73907470703125,0.0,0.0,1.0,0.0
-2.5526328086853027,,19,76.21891784667969,,19,0.8461538553237915,,,,,,,6.60328483581543,6.5525922775268555,,,,,,,6.60328483581543,,,,,,,,,,,
,-2.552518844604492,20,,76.41847229003906,20,,0.7692307829856873,0.0,0.0,0.0,1.0,0.0,,,6.531335830688477,0.0,0.0,1.0,1.0,0.0,,6.582229137420654,,,,,,,,,,
-2.5525190830230713,,20,76.41847229003906,,20,0.7692307829856873,,,,,,,6.582229137420654,6.531335830688477,,,,,,,6.582229137420654,,,,,,,,,,,
,-2.552347183227539,21,,76.52397155761719,21,,0.7692307829856873,0.0,0.0,0.0,0.0,0.0,,,6.538788795471191,0.0,1.0,0.0,0.0,0.0,,6.589788913726807,,,,,,,,,,
-2.55234694480896,,21,76.52397155761719,,21,0.7692307829856873,,,,,,,6.589788913726807,6.538788795471191,,,,,,,6.589789390563965,,,,,,,,,,,
,-2.552100658416748,22,,76.50830078125,22,,0.7692307829856873,0.0,0.0,0.0,0.0,1.0,,,6.359991073608398,1.0,0.0,0.0,0.0,0.0,,6.4109787940979,,,,,,,,,,
-2.552100658416748,,22,76.50830078125,,22,0.7692307829856873,,,,,,,6.4109787940979,6.359991073608398,,,,,,,6.410979270935059,,,,,,,,,,,
,-2.5518126487731934,23,,76.436279296875,23,,0.8461538553237915,1.0,0.0,0.0,1.0,0.0,,,6.239339351654053,1.0,0.0,0.0,1.0,0.0,,6.290257930755615,,,,,,,,,,
-2.5518126487731934,,23,76.436279296875,,23,0.8461538553237915,,,,,,,6.290257930755615,6.239339351654053,,,,,,,6.290257930755615,,,,,,,,,,,
,-2.5515339374542236,24,,76.54144287109375,24,,0.8461538553237915,1.0,0.0,1.0,1.0,0.0,,,6.183404922485352,0.0,0.0,1.0,1.0,0.0,,6.23443078994751,,,,,,,,,,
,,24,,,24,,,,,,,,,,,,,,,,,,0.75,0.0,0.0,1.0,1.0,23.12298583984375,0.0,0.0,1.0,0.0
-2.5515339374542236,,24,76.54144287109375,,24,0.8461538553237915,,,,,,,6.23443078994751,6.183404922485352,,,,,,,6.23443078994751,,,,,,,,,,,
,-2.55126953125,25,,76.68074035644531,25,,0.8461538553237915,1.0,1.0,1.0,0.0,0.0,,,6.122271537780762,1.0,1.0,1.0,0.0,0.0,,6.1734395027160645,,,,,,,,,,
-2.55126953125,,25,76.68074035644531,,25,0.8461538553237915,,,,,,,6.1734395027160645,6.122271537780762,,,,,,,6.1734395027160645,,,,,,,,,,,
,-2.551016330718994,26,,76.80360412597656,26,,0.8461538553237915,0.0,0.0,0.0,0.0,1.0,,,6.052639484405518,0.0,0.0,0.0,0.0,1.0,,6.103932857513428,,,,,,,,,,
-2.551016330718994,,26,76.80360412597656,,26,0.8461538553237915,,,,,,,6.103932857513428,6.052639484405518,,,,,,,6.103932857513428,,,,,,,,,,,
,-2.5507757663726807,27,,76.90965270996094,27,,0.8461538553237915,1.0,0.0,1.0,1.0,0.0,,,5.975083351135254,1.0,0.0,1.0,1.0,0.0,,6.026484966278076,,,,,,,,,,
-2.5507757663726807,,27,76.90965270996094,,27,0.8461538553237915,,,,,,,6.026484966278076,5.975083351135254,,,,,,,6.026484966278076,,,,,,,,,,,
,-2.5505433082580566,28,,76.99945831298828,28,,0.8461538553237915,1.0,1.0,0.0,0.0,0.0,,,5.890142440795898,1.0,1.0,0.0,0.0,0.0,,5.941636562347412,,,,,,,,,,
-2.5505433082580566,,28,76.99945831298828,,28,0.8461538553237915,,,,,,,5.941636562347412,5.890142440795898,,,,,,,5.941636085510254,,,,,,,,,,,
,-2.550321102142334,29,,77.07402038574219,29,,0.8461538553237915,0.0,0.0,0.0,0.0,0.0,,,5.798337459564209,0.0,0.0,0.0,0.0,1.0,,5.849908351898193,,,,,,,,,,
,,29,,,29,,,,,,,,,,,,,,,,,,0.75,0.0,0.0,1.0,1.0,23.43780517578125,0.0,0.0,1.0,0.0
-2.550321102142334,,29,77.07402038574219,,29,0.8461538553237915,,,,,,,5.849908351898193,5.798337459564209,,,,,,,5.849907875061035,,,,,,,,,,,
,-2.550110340118408,30,,77.13455200195312,30,,0.8461538553237915,1.0,1.0,0.0,0.0,1.0,,,5.700241565704346,1.0,1.0,0.0,0.0,1.0,,5.751874923706055,,,,,,,,,,
-2.550110340118408,,30,77.13455200195312,,30,0.8461538553237915,,,,,,,5.751874923706055,5.700241565704346,,,,,,,5.751874923706055,,,,,,,,,,,
,-2.5499095916748047,31,,77.18218994140625,31,,0.8461538553237915,1.0,0.0,0.0,0.0,1.0,,,5.596136093139648,1.0,0.0,0.0,0.0,1.0,,5.647819519042969,,,,,,,,,,
-2.549909830093384,,31,77.18218994140625,,31,0.8461538553237915,,,,,,,5.647819519042969,5.596136093139648,,,,,,,5.647819519042969,,,,,,,,,,,
,-2.5497183799743652,32,,77.21798706054688,32,,0.8461538553237915,1.0,0.0,0.0,1.0,0.0,,,5.48667049407959,1.0,0.0,1.0,1.0,0.0,,5.538391590118408,,,,,,,,,,
-2.5497183799743652,,32,77.21798706054688,,32,0.8461538553237915,,,,,,,5.538391590118408,5.48667049407959,,,,,,,5.538391590118408,,,,,,,,,,,
,-2.5495381355285645,33,,77.24296569824219,33,,0.8461538553237915,1.0,0.0,0.0,0.0,0.0,,,5.37245512008667,1.0,0.0,0.0,0.0,0.0,,5.4242024421691895,,,,,,,,,,
-2.5495381355285645,,33,77.24296569824219,,33,0.8461538553237915,,,,,,,5.4242024421691895,5.37245512008667,,,,,,,5.4242024421691895,,,,,,,,,,,
,-2.549370288848877,34,,77.25875091552734,34,,0.8461538553237915,1.0,1.0,0.0,0.0,0.0,,,5.257986068725586,1.0,1.0,0.0,0.0,0.0,,5.309751033782959,,,,,,,,,,
,,34,,,34,,,,,,,,,,,,,,,,,,0.75,0.0,0.0,1.0,1.0,20.54766845703125,0.0,0.0,1.0,0.0
-2.549370288848877,,34,77.25875091552734,,34,0.8461538553237915,,,,,,,5.309751033782959,5.257986068725586,,,,,,,5.309751033782959,,,,,,,,,,,
,-2.549206256866455,35,,77.27326202392578,35,,0.8461538553237915,1.0,1.0,1.0,1.0,0.0,,,5.1725358963012695,1.0,1.0,1.0,0.0,0.0,,5.2243170738220215,,,,,,,,,,
-2.549206256866455,,35,77.27326202392578,,35,0.8461538553237915,,,,,,,5.2243170738220215,5.1725358963012695,,,,,,,5.2243170738220215,,,,,,,,,,,
,-2.549006700515747,36,,77.35264587402344,36,,0.7692307829856873,0.0,0.0,0.0,1.0,1.0,,,5.1032023429870605,0.0,0.0,1.0,1.0,1.0,,5.155064582824707,,,,,,,,,,
-2.549006938934326,,36,77.35264587402344,,36,0.7692307829856873,,,,,,,5.155064582824707,5.1032023429870605,,,,,,,5.155064582824707,,,,,,,,,,,
,-2.5487380027770996,37,,77.45502471923828,37,,0.8461538553237915,0.0,0.0,1.0,1.0,1.0,,,4.969518661499023,1.0,0.0,1.0,1.0,1.0,,5.021486282348633,,,,,,,,,,
-2.5487380027770996,,37,77.45502471923828,,37,0.8461538553237915,,,,,,,5.021486282348633,4.969518661499023,,,,,,,5.021486282348633,,,,,,,,,,,
,-2.548448085784912,38,,77.60709381103516,38,,0.8461538553237915,0.0,0.0,1.0,1.0,0.0,,,4.860835552215576,0.0,0.0,1.0,1.0,0.0,,4.912958145141602,,,,,,,,,,
-2.548448085784912,,38,77.60709381103516,,38,0.8461538553237915,,,,,,,4.912958145141602,4.860835552215576,,,,,,,4.912958145141602,,,,,,,,,,,
,-2.5481677055358887,39,,77.7469253540039,39,,0.8461538553237915,1.0,0.0,0.0,0.0,1.0,,,4.770485877990723,0.0,0.0,1.0,0.0,1.0,,4.822751045227051,,,,,,,,,,
,,39,,,39,,,,,,,,,,,,,,,,,,0.75,0.0,0.0,1.0,1.0,21.76922607421875,0.0,0.0,1.0,0.0
-2.5481677055358887,,39,77.7469253540039,,39,0.8461538553237915,,,,,,,4.822751045227051,4.770485877990723,,,,,,,4.822751045227051,,,,,,,,,,,
,-2.5479092597961426,40,,77.8676528930664,40,,0.8461538553237915,0.0,1.0,1.0,1.0,1.0,,,4.676089763641357,0.0,1.0,1.0,1.0,1.0,,4.728477954864502,,,,,,,,,,
-2.5479092597961426,,40,77.8676528930664,,40,0.8461538553237915,,,,,,,4.728477954864502,4.676089763641357,,,,,,,4.728477954864502,,,,,,,,,,,
,-2.5476670265197754,41,,77.96888732910156,41,,0.8461538553237915,1.0,0.0,1.0,0.0,1.0,,,4.574858665466309,1.0,0.0,1.0,1.0,0.0,,4.6273512840271,,,,,,,,,,
-2.5476670265197754,,41,77.96888732910156,,41,0.8461538553237915,,,,,,,4.6273512840271,4.574858665466309,,,,,,,4.6273512840271,,,,,,,,,,,
,-2.547445058822632,42,,78.05203247070312,42,,0.8461538553237915,0.0,1.0,1.0,1.0,0.0,,,4.466885089874268,0.0,1.0,1.0,0.0,0.0,,4.519462585449219,,,,,,,,,,
-2.547445058822632,,42,78.05203247070312,,42,0.8461538553237915,,,,,,,4.519462585449219,4.466885089874268,,,,,,,4.519462585449219,,,,,,,,,,,
,-2.5472400188446045,43,,78.11901092529297,43,,0.8461538553237915,0.0,0.0,1.0,1.0,1.0,,,4.3529157638549805,0.0,0.0,1.0,1.0,1.0,,4.405562400817871,,,,,,,,,,
-2.5472400188446045,,43,78.11901092529297,,43,0.8461538553237915,,,,,,,4.405562400817871,4.3529157638549805,,,,,,,4.405562400817871,,,,,,,,,,,
,-2.547048568725586,44,,78.17220306396484,44,,0.8461538553237915,0.0,1.0,1.0,0.0,0.0,,,4.234931945800781,0.0,1.0,1.0,0.0,1.0,,4.287633895874023,,,,,,,,,,
,,44,,,44,,,,,,,,,,,,,,,,,,0.75,0.0,0.0,1.0,1.0,20.55645751953125,0.0,0.0,1.0,0.0
-2.547048807144165,,44,78.17220306396484,,44,0.8461538553237915,,,,,,,4.287633895874023,4.234931945800781,,,,,,,4.287633895874023,,,,,,,,,,,
,-2.5468759536743164,45,,78.21609497070312,45,,0.8461538553237915,1.0,1.0,1.0,0.0,0.0,,,4.120621204376221,1.0,1.0,0.0,0.0,1.0,,4.173368453979492,,,,,,,,,,
-2.5468759536743164,,45,78.21609497070312,,45,0.8461538553237915,,,,,,,4.173368453979492,4.120621204376221,,,,,,,4.173368453979492,,,,,,,,,,,
,-2.546694040298462,46,,78.26850891113281,46,,0.8461538553237915,0.0,0.0,1.0,0.0,0.0,,,4.023075580596924,0.0,0.0,1.0,0.0,1.0,,4.0758771896362305,,,,,,,,,,
-2.546694040298462,,46,78.26850891113281,,46,0.8461538553237915,,,,,,,4.0758771896362305,4.023075580596924,,,,,,,4.0758771896362305,,,,,,,,,,,
,-2.546469211578369,47,,78.36398315429688,47,,0.8461538553237915,0.0,1.0,0.0,1.0,0.0,,,3.9114110469818115,0.0,0.0,1.0,1.0,0.0,,3.9643101692199707,,,,,,,,,,
-2.546469211578369,,47,78.36398315429688,,47,0.8461538553237915,,,,,,,3.9643101692199707,3.9114110469818115,,,,,,,3.9643101692199707,,,,,,,,,,,
,-2.5462048053741455,48,,78.49781036376953,48,,0.8461538553237915,0.0,0.0,1.0,0.0,0.0,,,3.7872934341430664,0.0,0.0,1.0,0.0,1.0,,3.840329170227051,,,,,,,,,,
-2.5462048053741455,,48,78.49781036376953,,48,0.8461538553237915,,,,,,,3.840329170227051,3.7872934341430664,,,,,,,3.840329170227051,,,,,,,,,,,
,-2.545941114425659,49,,78.63304138183594,49,,0.8461538553237915,1.0,0.0,0.0,0.0,1.0,,,3.6769938468933105,1.0,0.0,1.0,0.0,0.0,,3.7301673889160156,,,,,,,,,,
,,49,,,49,,,,,,,,,,,,,,,,,,0.75,0.0,0.0,1.0,1.0,20.90380859375,0.0,0.0,1.0,0.0
-2.54594087600708,,49,78.63304138183594,,49,0.8461538553237915,,,,,,,3.7301673889160156,3.6769938468933105,,,,,,,3.7301673889160156,,,,,,,,,,,
,-2.545694351196289,50,,78.7530746459961,50,,0.8461538553237915,1.0,1.0,0.0,1.0,0.0,,,3.5681331157684326,1.0,1.0,1.0,1.0,0.0,,3.621429204940796,,,,,,,,,,
-2.54569411277771,,50,78.7530746459961,,50,0.8461538553237915,,,,,,,3.621429204940796,3.5681331157684326,,,,,,,3.621429204940796,,,,,,,,,,,
,-2.5454697608947754,51,,78.854736328125,51,,0.8461538553237915,0.0,1.0,1.0,0.0,0.0,,,3.4543631076812744,0.0,0.0,1.0,1.0,0.0,,3.507763147354126,,,,,,,,,,
-2.5454697608947754,,51,78.854736328125,,51,0.8461538553237915,,,,,,,3.507763147354126,3.4543631076812744,,,,,,,3.507763147354126,,,,,,,,,,,
,-2.5452661514282227,52,,78.93865966796875,52,,0.8461538553237915,1.0,1.0,0.0,0.0,1.0,,,3.3351848125457764,1.0,1.0,1.0,0.0,1.0,,3.3886709213256836,,,,,,,,,,
-2.5452661514282227,,52,78.93866729736328,,52,0.8461538553237915,,,,,,,3.3886709213256836,3.3351848125457764,,,,,,,3.3886709213256836,,,,,,,,,,,
,-2.545086145401001,53,,79.00767517089844,53,,0.8461538553237915,1.0,0.0,1.0,1.0,0.0,,,3.2124617099761963,1.0,0.0,1.0,0.0,0.0,,3.2660183906555176,,,,,,,,,,
-2.545086145401001,,53,79.00767517089844,,53,0.8461538553237915,,,,,,,3.2660183906555176,3.2124617099761963,,,,,,,3.2660183906555176,,,,,,,,,,,
,-2.544917106628418,54,,79.0688705444336,54,,0.8461538553237915,1.0,1.0,1.0,1.0,0.0,,,3.0923421382904053,1.0,0.0,1.0,1.0,0.0,,3.1459617614746094,,,,,,,,,,
,,54,,,54,,,,,,,,,,,,,,,,,,0.75,0.0,0.0,1.0,1.0,19.82696533203125,0.0,0.0,1.0,0.0
-2.544917106628418,,54,79.06886291503906,,54,0.8461538553237915,,,,,,,3.1459617614746094,3.0923421382904053,,,,,,,3.1459617614746094,,,,,,,,,,,
,-2.5447423458099365,55,,79.13963317871094,55,,0.8461538553237915,0.0,0.0,0.0,1.0,0.0,,,2.9787685871124268,0.0,0.0,0.0,0.0,1.0,,3.032460927963257,,,,,,,,,,
-2.5447423458099365,,55,79.13963317871094,,55,0.8461538553237915,,,,,,,3.032460927963257,2.9787685871124268,,,,,,,3.032460927963257,,,,,,,,,,,
,-2.544534683227539,56,,79.24131774902344,56,,0.8461538553237915,1.0,1.0,1.0,0.0,0.0,,,2.8564374446868896,0.0,1.0,1.0,0.0,0.0,,2.91023325920105,,,,,,,,,,
-2.54453444480896,,56,79.24131774902344,,56,0.8461538553237915,,,,,,,2.91023325920105,2.8564374446868896,,,,,,,2.9102330207824707,,,,,,,,,,,
,-2.544297218322754,57,,79.36576843261719,57,,0.8461538553237915,1.0,0.0,0.0,0.0,1.0,,,2.7309529781341553,0.0,1.0,0.0,0.0,1.0,,2.7848756313323975,,,,,,,,,,
-2.544297218322754,,57,79.36576843261719,,57,0.8461538553237915,,,,,,,2.7848756313323975,2.7309529781341553,,,,,,,2.7848756313323975,,,,,,,,,,,
,-2.5440714359283447,58,,79.48751831054688,58,,0.8461538553237915,1.0,0.0,1.0,1.0,0.0,,,2.6124825477600098,1.0,0.0,0.0,1.0,0.0,,2.666529417037964,,,,,,,,,,
-2.5440714359283447,,58,79.48751831054688,,58,0.8461538553237915,,,,,,,2.666529417037964,2.6124825477600098,,,,,,,2.666529417037964,,,,,,,,,,,
,-2.5438718795776367,59,,79.58966827392578,59,,0.8461538553237915,0.0,0.0,0.0,1.0,1.0,,,2.4936318397521973,0.0,1.0,0.0,0.0,1.0,,2.5477826595306396,,,,,,,,,,
,,59,,,59,,,,,,,,,,,,,,,,,,0.75,0.0,0.0,1.0,1.0,19.92437744140625,0.0,0.0,1.0,0.0
-2.5438718795776367,,59,79.58966827392578,,59,0.8461538553237915,,,,,,,2.5477826595306396,2.4936318397521973,,,,,,,2.5477826595306396,,,,,,,,,,,
,-2.5437111854553223,60,,79.66392517089844,60,,0.8461538553237915,1.0,0.0,0.0,1.0,0.0,,,2.3667707443237305,0.0,0.0,0.0,1.0,1.0,,2.4209976196289062,,,,,,,,,,
-2.5437111854553223,,60,79.66392517089844,,60,0.8461538553237915,,,,,,,2.4209976196289062,2.3667707443237305,,,,,,,2.4209976196289062,,,,,,,,,,,
,-2.5435774326324463,61,,79.72236633300781,61,,0.8461538553237915,1.0,0.0,1.0,1.0,0.0,,,2.2438130378723145,1.0,0.0,1.0,1.0,0.0,,2.2980997562408447,,,,,,,,,,
-2.5435774326324463,,61,79.72236633300781,,61,0.8461538553237915,,,,,,,2.2980997562408447,2.2438130378723145,,,,,,,2.2980997562408447,,,,,,,,,,,
,-2.5434231758117676,62,,79.8004379272461,62,,0.8461538553237915,1.0,1.0,0.0,0.0,1.0,,,2.126249074935913,1.0,1.0,0.0,0.0,0.0,,2.180615186691284,,,,,,,,,,
-2.5434231758117676,,62,79.80043029785156,,62,0.8461538553237915,,,,,,,2.180615186691284,2.126249074935913,,,,,,,2.180615186691284,,,,,,,,,,,
,-2.5432279109954834,63,,79.91575622558594,63,,0.8461538553237915,0.0,1.0,0.0,1.0,0.0,,,1.9991555213928223,1.0,1.0,0.0,1.0,0.0,,2.0536389350891113,,,,,,,,,,
-2.5432279109954834,,63,79.91575622558594,,63,0.8461538553237915,,,,,,,2.0536389350891113,1.9991555213928223,,,,,,,2.0536389350891113,,,,,,,,,,,
,-2.543043613433838,64,,80.02462768554688,64,,0.8461538553237915,0.0,1.0,0.0,0.0,0.0,,,1.8860822916030884,0.0,1.0,0.0,1.0,0.0,,1.9406764507293701,,,,,,,,,,
,,64,,,64,,,,,,,,,,,,,,,,,,0.75,0.0,0.0,1.0,1.0,19.0657958984375,0.0,0.0,1.0,0.0
-2.543043613433838,,64,80.02462768554688,,64,0.8461538553237915,,,,,,,1.9406764507293701,1.8860822916030884,,,,,,,1.9406764507293701,,,,,,,,,,,
,-2.5429396629333496,65,,80.08216857910156,65,,0.8461538553237915,1.0,0.0,0.0,1.0,0.0,,,1.7597851753234863,1.0,0.0,0.0,1.0,1.0,,1.814437985420227,,,,,,,,,,
-2.5429396629333496,,65,80.08216857910156,,65,0.8461538553237915,,,,,,,1.814437985420227,1.7597851753234863,,,,,,,1.814437985420227,,,,,,,,,,,
,-2.5428309440612793,66,,80.14961242675781,66,,0.7692307829856873,0.0,1.0,0.0,0.0,0.0,,,1.647301197052002,0.0,1.0,0.0,0.0,1.0,,1.7020225524902344,,,,,,,,,,
-2.5428309440612793,,66,80.14961242675781,,66,0.7692307829856873,,,,,,,1.7020225524902344,1.647301197052002,,,,,,,1.7020225524902344,,,,,,,,,,,
,-2.5426647663116455,67,,80.26435852050781,67,,0.8461538553237915,1.0,1.0,0.0,0.0,1.0,,,1.5257775783538818,1.0,1.0,0.0,0.0,1.0,,1.5806152820587158,,,,,,,,,,
-2.5426647663116455,,67,80.26435852050781,,67,0.8461538553237915,,,,,,,1.5806152820587158,1.5257775783538818,,,,,,,1.5806152820587158,,,,,,,,,,,
,-2.542555809020996,68,,80.3440933227539,68,,0.8461538553237915,1.0,0.0,0.0,0.0,1.0,,,1.4077919721603394,0.0,0.0,0.0,1.0,1.0,,1.4627104997634888,,,,,,,,,,
-2.542555809020996,,68,80.34410095214844,,68,0.8461538553237915,,,,,,,1.4627104997634888,1.4077919721603394,,,,,,,1.4627104997634888,,,,,,,,,,,
,-2.5425000190734863,69,,80.39503479003906,69,,0.7692307829856873,0.0,1.0,0.0,1.0,0.0,,,1.2942678928375244,0.0,1.0,1.0,1.0,0.0,,1.3492379188537598,,,,,,,,,,
,,69,,,69,,,,,,,,,,,,,,,,,,0.75,0.0,0.0,1.0,1.0,18.2772216796875,0.0,0.0,1.0,0.0
-2.5425000190734863,,69,80.39503479003906,,69,0.7692307829856873,,,,,,,1.3492379188537598,1.2942678928375244,,,,,,,1.3492379188537598,,,,,,,,,,,
,-2.5423779487609863,70,,80.4974365234375,70,,0.7692307829856873,1.0,0.0,0.0,0.0,1.0,,,1.1703277826309204,0.0,0.0,0.0,1.0,1.0,,1.2254014015197754,,,,,,,,,,
-2.5423779487609863,,70,80.4974365234375,,70,0.7692307829856873,,,,,,,1.2254014015197754,1.1703277826309204,,,,,,,1.2254014015197754,,,,,,,,,,,
,-2.5422911643981934,71,,80.58255767822266,71,,0.9230769276618958,0.0,0.0,1.0,1.0,0.0,,,1.0531079769134521,0.0,0.0,1.0,1.0,0.0,,1.1082676649093628,,,,,,,,,,
-2.5422911643981934,,71,80.58255767822266,,71,0.9230769276618958,,,,,,,1.1082676649093628,1.0531079769134521,,,,,,,1.1082676649093628,,,,,,,,,,,
,-2.5422778129577637,72,,80.62833404541016,72,,0.7692307829856873,0.0,0.0,0.0,1.0,1.0,,,0.9342949986457825,0.0,1.0,0.0,0.0,1.0,,0.9895005822181702,,,,,,,,,,
-2.5422778129577637,,72,80.62833404541016,,72,0.7692307829856873,,,,,,,0.9895005822181702,0.9342949986457825,,,,,,,0.9895005822181702,,,,,,,,,,,
,-2.5421977043151855,73,,80.7234115600586,73,,0.7692307829856873,0.0,1.0,1.0,1.0,0.0,,,0.8069895505905151,1.0,1.0,1.0,1.0,0.0,,0.8622909784317017,,,,,,,,,,
-2.5421977043151855,,73,80.72340393066406,,73,0.7692307829856873,,,,,,,0.8622909784317017,0.8069895505905151,,,,,,,0.8622909784317017,,,,,,,,,,,
,-2.5421457290649414,74,,80.8064956665039,74,,0.9230769276618958,1.0,1.0,0.0,0.0,0.0,,,0.6856092214584351,1.0,1.0,0.0,0.0,0.0,,0.7409942746162415,,,,,,,,,,
,,74,,,74,,,,,,,,,,,,,,,,,,0.75,0.0,0.0,1.0,1.0,17.09442138671875,0.0,0.0,1.0,0.0
-2.5421457290649414,,74,80.80650329589844,,74,0.9230769276618958,,,,,,,0.7409942746162415,0.6856092214584351,,,,,,,0.7409943342208862,,,,,,,,,,,
,-2.5421714782714844,75,,80.8497314453125,75,,0.7692307829856873,0.0,1.0,0.0,0.0,1.0,,,0.5624332427978516,0.0,1.0,0.0,1.0,1.0,,0.617861270904541,,,,,,,,,,
-2.5421714782714844,,75,80.8497314453125,,75,0.7692307829856873,,,,,,,0.617861270904541,0.5624332427978516,,,,,,,0.6178612112998962,,,,,,,,,,,
,-2.542123794555664,76,,80.94269561767578,76,,0.7692307829856873,0.0,0.0,1.0,1.0,1.0,,,0.43264394998550415,1.0,0.0,1.0,1.0,1.0,,0.48816540837287903,,,,,,,,,,
-2.542123556137085,,76,80.94269561767578,,76,0.7692307829856873,,,,,,,0.48816540837287903,0.43264394998550415,,,,,,,0.48816540837287903,,,,,,,,,,,
,-2.542112350463867,77,,81.02131652832031,77,,0.8461538553237915,1.0,0.0,1.0,0.0,1.0,,,0.3116057515144348,1.0,0.0,1.0,0.0,1.0,,0.367205947637558,,,,,,,,,,
-2.5421125888824463,,77,81.02131652832031,,77,0.8461538553237915,,,,,,,0.367205947637558,0.3116057515144348,,,,,,,0.367205947637558,,,,,,,,,,,
,-2.5421533584594727,78,,81.07243347167969,78,,0.7692307829856873,0.0,0.0,1.0,0.0,0.0,,,0.21619616448879242,0.0,1.0,0.0,0.0,0.0,,0.27184706926345825,,,,,,,,,,
-2.5421533584594727,,78,81.07243347167969,,78,0.7692307829856873,,,,,,,0.27184706926345825,0.21619616448879242,,,,,,,0.27184706926345825,,,,,,,,,,,
,-2.542018413543701,79,,81.23216247558594,79,,0.9230769276618958,0.0,1.0,0.0,1.0,0.0,,,0.1813874989748001,0.0,1.0,0.0,1.0,0.0,,0.23719948530197144,,,,,,,,,,
,,79,,,79,,,,,,,,,,,,,,,,,,0.75,0.0,0.0,1.0,1.0,16.190065383911133,0.0,0.0,1.0,0.0
-2.542018413543701,,79,81.23216247558594,,79,0.9230769276618958,,,,,,,0.23719948530197144,0.1813874989748001,,,,,,,0.23719948530197144,,,,,,,,,,,
,-2.5421974658966064,80,,81.2090072631836,80,,0.9230769276618958,0.0,1.0,1.0,0.0,1.0,,,0.1390877068042755,0.0,1.0,1.0,0.0,1.0,,0.19487473368644714,,,,,,,,,,
-2.5421977043151855,,80,81.20899963378906,,80,0.9230769276618958,,,,,,,0.19487473368644714,0.1390877068042755,,,,,,,0.19487473368644714,,,,,,,,,,,
,-2.5420022010803223,81,,81.40313720703125,81,,0.9230769276618958,0.0,0.0,1.0,0.0,0.0,,,0.09004438668489456,0.0,0.0,0.0,0.0,0.0,,0.14602750539779663,,,,,,,,,,
-2.5420022010803223,,81,81.40312957763672,,81,0.9230769276618958,,,,,,,0.14602750539779663,0.09004438668489456,,,,,,,0.14602750539779663,,,,,,,,,,,
,-2.5420775413513184,82,,81.4367446899414,82,,1.0,0.0,0.0,1.0,0.0,1.0,,,0.023444529622793198,0.0,0.0,1.0,0.0,1.0,,0.0794604942202568,,,,,,,,,,
-2.5420775413513184,,82,81.43675231933594,,82,1.0,,,,,,,0.0794604942202568,0.023444529622793198,,,,,,,0.0794604942202568,,,,,,,,,,,
,-2.5421957969665527,83,,81.44346618652344,83,,1.0,0.0,0.0,0.0,1.0,1.0,,,0.029633034020662308,0.0,0.0,0.0,1.0,1.0,,0.08565454930067062,,,,,,,,,,
-2.5421957969665527,,83,81.44346618652344,,83,1.0,,,,,,,0.08565454930067062,0.029633034020662308,,,,,,,0.08565454930067062,,,,,,,,,,,
,-2.5421934127807617,84,,81.5146484375,84,,1.0,0.0,0.0,0.0,1.0,0.0,,,0.015841044485569,0.0,0.0,0.0,1.0,0.0,,0.07193376123905182,,,,,,,,,,
,,84,,,84,,,,,,,,,,,,,,,,,,0.75,0.0,0.0,1.0,1.0,16.677490234375,0.0,0.0,1.0,0.0
-2.5421934127807617,,84,81.5146484375,,84,1.0,,,,,,,0.07193376123905182,0.015841044485569,,,,,,,0.07193376123905182,,,,,,,,,,,
,-2.54213285446167,85,,81.61483764648438,85,,1.0,1.0,1.0,1.0,1.0,0.0,,,0.004662580322474241,1.0,1.0,1.0,1.0,0.0,,0.06085609644651413,,,,,,,,,,
-2.54213285446167,,85,81.61483764648438,,85,1.0,,,,,,,0.06085609644651413,0.004662580322474241,,,,,,,0.06085609644651413,,,,,,,,,,,
,-2.5420749187469482,86,,81.70731353759766,86,,1.0,1.0,1.0,1.0,0.0,0.0,,,0.005136705003678799,1.0,1.0,1.0,0.0,0.0,,0.06142327934503555,,,,,,,,,,
-2.5420749187469482,,86,81.70731353759766,,86,1.0,,,,,,,0.06142327934503555,0.005136705003678799,,,,,,,0.06142327934503555,,,,,,,,,,,
,-2.5420475006103516,87,,81.7789306640625,87,,1.0,1.0,0.0,1.0,1.0,0.0,,,0.006932165008038282,1.0,0.0,1.0,1.0,0.0,,0.06329062581062317,,,,,,,,,,
-2.5420472621917725,,87,81.7789306640625,,87,1.0,,,,,,,0.06329062581062317,0.006932165008038282,,,,,,,0.06329062581062317,,,,,,,,,,,
,-2.5420596599578857,88,,81.82455444335938,88,,1.0,0.0,1.0,0.0,1.0,0.0,,,0.005022929050028324,0.0,1.0,0.0,1.0,0.0,,0.061426885426044464,,,,,,,,,,
-2.5420596599578857,,88,81.82455444335938,,88,1.0,,,,,,,0.061426885426044464,0.005022929050028324,,,,,,,0.061426885426044464,,,,,,,,,,,
,-2.5420963764190674,89,,81.85151672363281,89,,1.0,1.0,1.0,1.0,1.0,0.0,,,0.0023408944252878428,1.0,1.0,1.0,1.0,0.0,,0.05877145379781723,,,,,,,,,,
,,89,,,89,,,,,,,,,,,,,,,,,,0.75,0.0,0.0,1.0,1.0,16.97015380859375,0.0,0.0,1.0,0.0
-2.5420963764190674,,89,81.85151672363281,,89,1.0,,,,,,,0.05877145379781723,0.0023408944252878428,,,,,,,0.05877145379781723,,,,,,,,,,,
,-2.5421433448791504,90,,81.86935424804688,90,,1.0,0.0,1.0,1.0,1.0,1.0,,,0.0010270235361531377,0.0,1.0,1.0,1.0,1.0,,0.05747494846582413,,,,,,,,,,
-2.5421433448791504,,90,81.86935424804688,,90,1.0,,,,,,,0.05747494846582413,0.0010270235361531377,,,,,,,0.05747494846582413,,,,,,,,,,,
,-2.5421905517578125,91,,81.88311004638672,91,,1.0,0.0,1.0,1.0,1.0,1.0,,,0.0005815952899865806,0.0,1.0,1.0,1.0,1.0,,0.05704280734062195,,,,,,,,,,
-2.5421905517578125,,91,81.88311004638672,,91,1.0,,,,,,,0.05704280734062195,0.0005815952899865806,,,,,,,0.05704281106591225,,,,,,,,,,,
,-2.5422356128692627,92,,81.89492797851562,92,,1.0,1.0,1.0,1.0,0.0,1.0,,,0.0004861100751440972,1.0,1.0,1.0,0.0,1.0,,0.05695869028568268,,,,,,,,,,
-2.542235851287842,,92,81.89492797851562,,92,1.0,,,,,,,0.05695869028568268,0.0004861100751440972,,,,,,,0.05695869028568268,,,,,,,,,,,
,-2.542275905609131,93,,81.90585327148438,93,,1.0,0.0,1.0,0.0,0.0,0.0,,,0.0005214039701968431,0.0,1.0,0.0,0.0,0.0,,0.05700450390577316,,,,,,,,,,
-2.542275905609131,,93,81.90585327148438,,93,1.0,,,,,,,0.05700450390577316,0.0005214039701968431,,,,,,,0.05700450390577316,,,,,,,,,,,
,-2.542313814163208,94,,81.91648864746094,94,,1.0,0.0,1.0,1.0,0.0,0.0,,,0.0005998888518661261,0.0,1.0,1.0,0.0,0.0,,0.05709324777126312,,,,,,,,,,
,,94,,,94,,,,,,,,,,,,,,,,,,0.75,0.0,0.0,1.0,1.0,16.29718017578125,0.0,0.0,1.0,0.0
-2.542313814163208,,94,81.91648864746094,,94,1.0,,,,,,,0.05709324777126312,0.0005998888518661261,,,,,,,0.05709324777126312,,,,,,,,,,,
,-2.5423431396484375,95,,81.92729949951172,95,,1.0,0.0,1.0,1.0,1.0,0.0,,,0.0006773900240659714,0.0,1.0,1.0,1.0,0.0,,0.05718126893043518,,,,,,,,,,
-2.5423431396484375,,95,81.92729949951172,,95,1.0,,,,,,,0.05718126893043518,0.0006773900240659714,,,,,,,0.05718126520514488,,,,,,,,,,,
,-2.542367935180664,96,,81.93856811523438,96,,1.0,1.0,0.0,0.0,1.0,0.0,,,0.0007263025618158281,1.0,0.0,0.0,1.0,0.0,,0.05724119767546654,,,,,,,,,,
-2.542367696762085,,96,81.93856811523438,,96,1.0,,,,,,,0.05724119767546654,0.0007263025618158281,,,,,,,0.05724119767546654,,,,,,,,,,,
,-2.542386531829834,97,,81.950439453125,97,,1.0,0.0,1.0,0.0,1.0,0.0,,,0.0007326924824155867,0.0,1.0,0.0,1.0,0.0,,0.057259269058704376,,,,,,,,,,
-2.542386531829834,,97,81.950439453125,,97,1.0,,,,,,,0.057259269058704376,0.0007326924824155867,,,,,,,0.057259269058704376,,,,,,,,,,,
,-2.5423994064331055,98,,81.9629135131836,98,,1.0,0.0,0.0,0.0,0.0,1.0,,,0.0006959186284802854,0.0,0.0,0.0,0.0,1.0,,0.05723484605550766,,,,,,,,,,
-2.5423994064331055,,98,81.96290588378906,,98,1.0,,,,,,,0.05723484605550766,0.0006959186284802854,,,,,,,0.05723484605550766,,,,,,,,,,,
,-2.542410373687744,99,,81.97583770751953,99,,1.0,1.0,0.0,0.0,1.0,1.0,,,0.0006273844628594816,1.0,0.0,0.0,1.0,1.0,,0.05717912316322327,,,,,,,,,,
,,99,,,99,,,,,,,,,,,,,,,,,,0.75,0.0,0.0,1.0,1.0,16.1710205078125,0.0,0.0,1.0,0.0
-2.542410373687744,,99,81.97583770751953,,99,1.0,,,,,,,0.05717912316322327,0.0006273844628594816,,,,,,,0.05717911943793297,,,,,,,,,,,
